id,label,name,mentions,source_books
E00001,Book,船舶电气设备维修指南,1,船舶电气设备维修指南
E01132,Book,"内河船舶电气设备的原理与维护(马南琦等编著,马南琦等编著,马南琦",1,"内河船舶电气设备的原理与维护 (马南琦等编著, 马南琦等编著, 马南琦)"
E01895,Book,"现代船舶柴油机故障分析(黄少竹主编,黄少竹主编,黄少竹",1,"现代船舶柴油机故障分析 (黄少竹主编, 黄少竹主编, 黄少竹)"
E02324,Book,"舰船动力装置故障诊断与可靠性(张维竞编,張維競(船舶工程",1,"舰船动力装置故障诊断与可靠性 (张维竞编, 張維競 (船舶工程))"
E02739,Book,船舶内燃机故障急修手册(麦庆祥著,1,船舶内燃机故障急修手册 (麦庆祥著)
E02938,Book,船舶柴油机故障实例(张庆信编,1,船舶柴油机故障实例 (张庆信编)
E03014,Book,"船舶液压机械维护与故障分析(郑士君,宋新新编著",1,"船舶液压机械维护与故障分析 (郑士君,宋新新编著)"
E03543,Book,船舶液压系统故障诊断与维修技术(郑士君编著,1,船舶液压系统故障诊断与维修技术 (郑士君编著)
E04004,Book,"船舶电气设备及系统(大连海事大学出版社,2011)(郑华耀",1,"船舶电气设备及系统(大连海事大学出版社,2011) (郑华耀)"
E04918,Book,"船舶电气设备调试与维护(杜杨主编,杜杨主编,杜杨",1,"船舶电气设备调试与维护 (杜杨主编, 杜杨主编, 杜杨)"
E05739,Device,电气控制线路,1,
E05783,Device,发电机,1,
E05784,Device,主开关,1,
E05794,Device,电动机,1,
E05868,Device,复励变压器,1,
E05883,Device,电源变压器,1,
E05974,Device,传感器,1,
E05980,Device,变压器,1,
E05981,Device,脉冲变压器,1,
E06058,Device,转换开关,1,
E06209,Device,定子绕组,1,
E06306,Device,调速器,1,
E06519,Device,继电器,1,
E06520,Device,自动开关,1,
E06529,Device,行程开关,1,
E06534,Device,熔断器,1,
E06535,Device,刀开关,1,
E06553,Device,组合开关,1,
E06557,Device,接触器,1,
E06615,Device,热继电器,1,
E06616,Device,压力继电器,1,
E06619,Device,电压继电器,1,
E06622,Device,温度继电器,1,
E06637,Device,时间继电器,1,
E06638,Device,中间继电器,1,
E06745,Device,电动机操作定位开关,1,
E06757,Device,辅助开关,1,
E06768,Device,发电机主开关,1,
E06814,Device,控制器,1,
E06857,Device,电磁阀,1,
E06892,Device,输出继电器,1,
E06913,Device,电机绕组,1,
E06916,Device,直流电动机,1,
E07105,Device,异步电动机,1,
E07351,Device,电枢绕组,1,
E07364,Device,调速开关,1,
E07384,Device,电机辅助绕组,1,
E07400,Device,手按式开关,1,
E07412,Device,转子绕组,1,
E07432,Device,选择程序开关,1,
E07434,Device,电动机绕组,1,
E07441,Device,电动机转子,1,
E07483,Device,通电后电动机,1,
E07484,Device,起动继电器,1,
E07485,Device,温度控制器,1,
E07486,Device,误操作按下化霜按钮,1,
E07489,Device,电动机绕绕组,1,
E07494,Device,重绕电动机绕组,1,
E07500,Device,型温控器,1,
E07517,Device,灯开关,1,
E07520,Device,高低压管路,1,
E07527,Device,用手轻轻移动管路,1,
E07536,Device,冬季把温度控制器,1,
E07559,Device,变压器绕组,1,
E07635,Device,压力开关,1,
E07693,Device,电源开关,1,
E07698,Device,某些转换开关,1,
E07775,Device,自耦变压器,1,
E07804,Device,起动按钮,1,
E07852,Device,停止按钮,1,
E07891,Device,燃油泵,1,
E07952,Device,还有压力继电器,1,
E08007,Device,型分油机,1,
E08027,Device,控制阀,1,
E08068,Device,中大部分剩油排出分油机,1,
E08277,Device,主令控制器,1,
E08282,Device,高速绕组,1,
E08381,Device,制动继电器,1,
E08386,Device,就会发生电动机,1,
E08421,Device,各个熔断器,1,
E08430,Device,风机接触器,1,
E08438,Device,风机电动机,1,
E08512,Device,空气断路器,1,
E08529,Device,零压继电器,1,
E08609,Device,吊货电动机,1,
E08848,Device,会使电动机,1,
E08851,Device,这时高速绕组,1,
E08893,Device,常会发生电动机,1,
E08910,Device,制动器温度继电器,1,
E08956,Device,直流发电机,1,
E08970,Device,舵机,1,
E08973,Device,液压系统,1,
E09001,Device,限位开关,1,
E09221,Device,但舵叶,1,
E09312,Device,伺服电动机,1,
E09321,Device,磁放大器到执行电动机,1,
E09323,Device,执行电动机,1,
E09328,Device,冲开限位开关,1,
E09329,Device,反馈自整角变压器,1,
E09441,Device,个月顺序控制器,1,
E09459,Device,监视电动机,1,
E09600,Device,控制箱,1,
E09613,Device,卸载电磁阀,1,
E09619,Device,压缩机电动机,1,
E09708,Device,压缩机电源空气开关,1,
E09710,Device,调温继电器,1,
E09751,Device,主电源空气断路器,1,
E09752,Device,控制电源空气断路器,1,
E09753,Device,断路器,1,
E09759,Device,冷凝器风机电动机,1,
E09765,Device,电子温度控制器,1,
E09778,Device,没有发生电动机,1,
E09810,Device,微动开关,1,
E09829,Device,合上空气断路器,1,
E09841,Device,检测冷凝风机电动机,1,
E09843,Device,检测蒸发器风机电动机,1,
E09845,Device,检测制冷系统中高压传感器,1,
E09875,Device,左压缩机电动机,1,
E09876,Device,右压缩机电动机,1,
E09879,Device,冷凝器电动机,1,
E09881,Device,供风温度传感器,1,
E09882,Device,蒸发器电动机,1,
E09884,Device,回风温度传感器,1,
E09885,Device,蒸发器出口温度传感器,1,
E09886,Device,箱内温度传感器,1,
E09924,Device,冷却电磁阀,1,
E09925,Device,吸气电磁阀,1,
E09934,Device,流低速蒸发器风机电动机,1,
E09935,Device,低速蒸发器风机电动机,1,
E09936,Device,流高速蒸发器风机电动机,1,
E09937,Device,高速蒸发器风机电动机,1,
E09940,Device,次级送风温度传感器,1,
E09941,Device,电脑控制器,1,
E09942,Device,初级回风温度传感器,1,
E09944,Device,环境温度传感器,1,
E09946,Device,加热终止温控器,1,
E09947,Device,化霜终止温控器,1,
E09950,Device,主电源电压传感器,1,
E09951,Device,初级送风温度传感器,1,
E09977,Device,交流发电机,1,
E10013,Device,新电刷,1,
E10019,Device,清洁发电机,1,
E10046,Device,主配电板,1,
E10076,Device,滚动轴承,1,
E10153,Device,配电板上主开关,1,
E10154,Device,航行中主开关,1,
E10223,Device,励磁绕组,1,
E10227,Device,发电机励磁绕组,1,
E10230,Device,校对电压表发电机,1,
E10231,Device,相复励变压器,1,
E10239,Device,固定好发电机,1,
E10240,Device,观察发电机,1,
E10243,Device,转子铁心有否松动轴承,1,
E10254,Device,到励磁绕组,1,
E10307,Device,调压器到电刷,1,
E10313,Device,同步发电机,1,
E10502,Device,轴带发电机,1,
E10580,Device,船舶发电机,1,
E10618,Device,发出发电机,1,
E10642,Device,检测自动开关,1,
E10956,Device,用切换开关,1,
E11091,Device,主机遥控系统,1,
E11122,Device,程序控制器,1,
E11180,Device,电子开关,1,
E11272,Device,换向电磁阀,1,
E11401,Device,柴油机,1,
E11465,Device,灯柴油机,1,
E11495,Device,再按一下按钮,1,
E11556,Device,测速发电机,1,
E11726,Device,试验按钮,1,
E11784,Device,辅机,1,
E11959,Device,异步发电机,1,
E11963,Device,交流电动机,1,
E11965,Device,同步电动机,1,
E11966,Device,调速电动机,1,
E11967,Device,鼠笼型电动机,1,
E11968,Device,绕线转子电动机,1,
E11970,Device,隔离开关,1,
E11971,Device,控制开关,1,
E11972,Device,接近开关,1,
E11974,Device,控制按钮,1,
E11975,Device,合闸按钮,1,
E11976,Device,电力变压器,1,
E11977,Device,凸轮控制器,1,
E11978,Device,平面控制器,1,
E11979,Device,隔离变压器,1,
E11980,Device,鼓形控制器,1,
E11981,Device,照明变压器,1,
E11982,Device,整流变压器,1,
E11983,Device,起动变压器,1,
E11984,Device,控制变压器,1,
E11985,Device,交流接触器,1,
E11986,Device,直流接触器,1,
E12092,Device,自动空气断路器,1,
E12316,Device,致使两台接触器,1,
E12325,Device,空气阻尼式时间继电器,1,
E12577,Device,重调热继电器,1,
E12578,Device,用兆欧表测电动机,1,
E12581,Device,重新装配电动机,1,
E12797,Device,就有可能使限位开关,1,
E12894,Device,启动按钮,1,
E12964,Device,否则电动机,1,
E12966,Device,转速继电器,1,
E13167,Device,设有电动机,1,
E13405,Device,蒸汽压力继电器,1,
E13751,Device,控制伺服电动机,1,
E13883,Device,系列发电机设有发电机,1,
E14037,Device,每台发电机,1,
E14092,Device,短路保护是由空气断路器,1,
E14127,Device,会使发电机,1,
E14146,Device,万能式自动空气断路器,1,
E14202,Device,塑壳式断路器,1,
E14204,Device,以保证断路器,1,
E14220,Device,于是发出发电机,1,
E14977,Device,现代船舶柴油机,1,
E15020,Device,气缸,1,
E15021,Device,喷油器,1,
E15025,Device,曲轴,1,
E15026,Device,增压器,1,
E15027,Device,空气冷却器,1,
E15088,Device,气缸套,1,
E15248,Device,单向阀,1,
E15405,Device,运行时柴油机活塞环,1,
E15475,Device,其次增压器轴承,1,
E15496,Device,轮机长将主机,1,
E15498,Device,缸缸套,1,
E15704,Device,轮主机,1,
E15847,Device,废气涡轮增压器,1,
E15888,Device,缸排温过高是因喷油器,1,
E15920,Device,涡轮侧轴承,1,
E15921,Device,从而使轴承,1,
E15947,Device,增压器进气滤器,1,
E15962,Device,主机活塞环,1,
E15983,Device,第一缸有两道活塞环,1,
E16027,Device,增压器轴承,1,
E16101,Device,运行中对增压器,1,
E16258,Device,因油泵管路,1,
E16568,Device,号增压器,1,
E16592,Device,柴油机缸套,1,
E16631,Device,活塞环缸套,1,
E16864,Device,连杆轴承,1,
E16903,Device,见主机,1,
E16904,Device,缸连杆轴承,1,
E16905,Device,凸轮轴轴承,1,
E16925,Device,按要求拆检主轴承,1,
E16984,Device,油滤器,1,
E16987,Device,缸连杆大端轴承,1,
E16988,Device,缸发现活塞,1,
E16991,Device,船上无连杆轴承,1,
E16999,Device,缸活塞环,1,
E17008,Device,轮低速主机主轴承,1,
E17040,Device,轮主机曲轴,1,
E17050,Device,主机更新曲轴,1,
E17076,Device,不可能发生轴承,1,
E17117,Device,轮副机三次曲轴,1,
E17122,Device,副机第二次曲轴,1,
E17146,Device,这为日后曲轴,1,
E17152,Device,缸连杆,1,
E17251,Device,低温淡水冷却器,1,
E17254,Device,保证低温淡水冷却器,1,
E17513,Device,多媒体技术等使柴油机,1,
E17817,Device,进行活塞环,1,
E17831,Device,系统中活塞环,1,
E17841,Device,缸在活塞环,1,
E17930,Device,以实现柴油机,1,
E17969,Device,空气滤清器,1,
E18087,Device,还受到另一气缸,1,
E18103,Device,研究开发出船用柴油机,1,
E18168,Device,轮主机增压器,1,
E18399,Device,其可能原因是活塞环,1,
E18460,Device,管接头,1,
E18473,Device,冷却水管,1,
E18484,Device,上构成废气涡轮增压器,1,
E18684,Device,安全阀,1,
E18997,Device,液压泵,1,
E18998,Device,液压缸,1,
E19049,Device,其原因是漏气缸,1,
E19231,Device,系统对柴油机,1,
E19366,Device,我们称这个继电器,1,
E19372,Device,显然这不是继电器,1,
E19374,Device,我们则称这个继电器,1,
E19560,Device,设电动机,1,
E20180,Device,冷却器,1,
E20405,Device,吸油管,1,
E20477,Device,从一次主机增压器,1,
E20669,Device,换向阀,1,
E20768,Device,要改变活塞环,1,
E20854,Device,吸气管,1,
E20869,Device,透平端轴承,1,
E20909,Device,但从这次主机活塞环,1,
E21077,Device,扫气单向阀,1,
E21529,Device,齿轮液压马达,1,
E21581,Device,方向控制阀,1,
E21582,Device,压力控制阀,1,
E21586,Device,流量控制阀,1,
E21779,Device,溢流阀,1,
E21816,Device,从而使右侧液压缸,1,
E22023,Device,过滤器,1,
E22320,Device,液压控制阀,1,
E22465,Device,以上按电动机,1,
E22466,Device,以上动作状况用手按动开关,1,
E22500,Device,截止阀,1,
E22505,Device,油冷却器,1,
E22511,Device,油轴承,1,
E22743,Device,按要求重配活塞,1,
E22754,Device,新配活塞,1,
E22755,Device,校直活塞,1,
E22838,Device,液控单向阀,1,
E22860,Device,先导电磁阀,1,
E22882,Device,大通径电磁换向阀,1,
E22883,Device,液动换向阀,1,
E23265,Device,安全溢流阀,1,
E23267,Device,各种截止阀,1,
E23275,Device,主液压泵,1,
E23279,Device,主油路中某侧安全溢流阀,1,
E23687,Device,组合阀中电磁阀,1,
E23690,Device,吸入滤器,1,
E23701,Device,变幅液压泵,1,
E23712,Device,控制液压缸,1,
E23714,Device,已开启安全阀,1,
E23725,Device,动转不平稳液压马达,1,
E23734,Device,油位控制器,1,
E23735,Device,油温控制器,1,
E23737,Device,超负荷继电器,1,
E23738,Device,启动器继电器,1,
E23741,Device,停机按钮,1,
E23742,Device,断开主开关,1,
E23892,Device,联锁开关,1,
E23894,Device,制动电磁阀,1,
E23895,Device,制动油路安全阀,1,
E23905,Device,流经冷却器,1,
E23909,Device,系统中安全阀,1,
E24029,Device,开启截止阀,1,
E24031,Device,泵站处截止阀,1,
E24036,Device,启动液压泵,1,
E24042,Device,开启油冷却器,1,
E24535,Device,用卡套卡住油管,1,
E24538,Device,低压系统中应用快速接头,1,
E24540,Device,用作软管接头,1,
E24822,Device,从而使进油液压缸,1,
E25509,Device,就会发生舵机,1,
E25654,Device,转舵机,1,
E25662,Device,电液操纵阀组,1,
E25663,Device,安全防浪阀组,1,
E25686,Device,转叶液压缸,1,
E25687,Device,主控制阀,1,
E26225,Device,高压继电器,1,
E26592,Device,其中收放鳍叶液压缸,1,
E26594,Device,锁住液压缸,1,
E26601,Device,三位四通电磁换向阀,1,
E26674,Device,无刷直流电动机,1,
E26692,Device,分配电板,1,
E26717,Device,型发电机,1,
E26907,Device,变压器副边绕组,1,
E26911,Device,但从限制变压器,1,
E27766,Device,它将被电刷,1,
E27769,Device,同时被电刷,1,
E27922,Device,串励电动机,1,
E28973,Device,要求电动机,1,
E29306,Device,一旦管路,1,
E29558,Device,控制回路用熔断器,1,
E29803,Device,运行泵电动机,1,
E29807,Device,接收到电动机,1,
E29813,Device,降压起动接触器,1,
E29814,Device,运行接触器,1,
E29815,Device,加热器继电器,1,
E29816,Device,起动失败继电器,1,
E29817,Device,起动失败指示灯,1,
E29907,Device,型装置发出分油机,1,
E29909,Device,低压开关,1,
E30008,Device,它是高温报警传感器,1,
E30012,Device,表示分油机,1,
E30098,Device,型油分浓度检测报警器,1,
E30193,Device,合上断路器,1,
E30391,Device,装置式断路器,1,
E30731,Device,两组蓄电池,1,
E30739,Device,停电时由蓄电池,1,
E30740,Device,正常时蓄电池,1,
E30744,Device,利用转换开关,1,
E30800,Device,主要有动力分配电板,1,
E30818,Device,一旦主发电机开关,1,
E30977,Device,不仅直接控制主断路器,1,
E30985,Device,从而控制继电器,1,
E31116,Device,甚至发电机,1,
E31120,Device,瞬时动作于发电机,1,
E31137,Device,无刷发电机,1,
E31238,Device,个汇流排连接断路器,1,
E31287,Device,实现断路器,1,
E31290,Device,单元向断路器,1,
E31293,Device,中压汇流排连接断路器,1,
E31294,Device,旋转变流器中压端断路器,1,
E31295,Device,旋转变流器低压端断路器,1,
E31308,Device,系统在中压主发电机断路器,1,
E31335,Device,通常采用断路器,1,
E31340,Device,这两种断路器,1,
E31384,Device,高压真空断路器,1,
E31385,Device,发电机通过真空断路器,1,
E31694,Device,负载电流对交流同步发电机,1,
E31696,Device,所以船舶交流同步发电机,1,
E31819,Device,稳定发电机,1,
E31910,Device,通常同步发电机,1,
E32165,Device,采用两个单相变送器,1,
E32352,Device,每一台柴油发电机,1,
E32446,Device,型框架式空气断路器,1,
E32452,Device,控制空气断路器,1,
E32525,Device,都可以实现发电机断路器,1,
E32529,Device,发电机断路器,1,
E32530,Device,单元断开发电机断路器,1,
E32544,Device,单元使得发电机断路器,1,
E32628,Device,系统将断开发电机断路器,1,
E32757,Device,这样可以保证各发电机,1,
E33036,Device,串励磁场绕组,1,
E33037,Device,磁场回路绕组,1,
E33039,Device,调节激磁电流至额定值电刷,1,
E33056,Device,电枢绕组之间电刷,1,
E33064,Device,带有少量串励稳定绕组,1,
E33065,Device,起动后又变为正转串励绕组,1,
E33066,Device,互换串励绕组,1,
E33067,Device,正常约为轴承,1,
E33072,Device,笼型转子,1,
E33073,Device,绕线型转子绕组,1,
E33079,Device,加强减振措施电动机,1,
E33090,Device,放正磨小电刷,1,
E33096,Device,至励磁绕组,1,
E33274,Device,检验配电板,1,
E33753,Device,定子是电枢,1,
E33831,Device,从系统对发电机,1,
E34070,Device,须采用断路器,1,
E34118,Device,主开关空气断路器,1,
E34391,Device,拆开励磁绕组,1,
E34409,Device,核对电压表用主配电板,1,
E34460,Device,启动两台发电机,1,
E35086,Device,拖动液压泵,1,
E35210,Device,主油路换向阀,1,
E35258,Device,输出使电动机,1,
E35259,Device,输出启动电动机,1,
E35506,Device,清洁空压机,1,
E35514,Device,校核安全阀,1,
E35536,Device,空压机电机绕组,1,
E35887,Device,遇险信息控制器,1,
E36310,Device,延时开关,1,
E36312,Device,压差开关,1,
E36697,Device,用万用表检测点火变压器,1,
E36707,Device,检测时序控制器,1,
E36711,Device,用短接线短接压力继电器,1,
E36873,Fault,复励变压器故障,1,
E36895,Fault,电源变压器损坏,1,
E36994,Fault,微安电流表损坏,1,
E37024,Fault,反向漏电,1,
E37031,Fault,刀开关漏电,1,
E37053,Fault,线圈断路,1,
E37058,Fault,短路环断裂,1,
E37061,Fault,负载短路,1,
E37062,Fault,触头表面严重烧损,1,
E37065,Fault,触头过热,1,
E37066,Fault,触头严重磨损,1,
E37067,Fault,触头磨损,1,
E37068,Fault,触头过度磨损,1,
E37069,Fault,负载侧短路,1,
E37092,Fault,电网短路,1,
E37101,Fault,电动机操作定位开关失灵,1,
E37104,Fault,线圈短路,1,
E37105,Fault,触头表面过分磨损,1,
E37107,Fault,辅助开关传动杆断裂,1,
E37195,Fault,输出继电器损坏,1,
E37197,Fault,输出驱动管漏电,1,
E37206,Fault,直流电动机励磁线圈损坏,1,
E37215,Fault,电刷磨损,1,
E37285,Fault,槽绝缘被损坏,1,
E37309,Fault,轴承损坏,1,
E37325,Fault,电枢线圈匝间短路,1,
E37326,Fault,换向片间短路,1,
E37327,Fault,电枢绕组短路,1,
E37328,Fault,电枢绕组过热,1,
E37329,Fault,长期过载,1,
E37331,Fault,发电机外部负载发生短路,1,
E37336,Fault,定子绕组断路,1,
E37337,Fault,电容器损坏,1,
E37338,Fault,转轴严重磨损,1,
E37339,Fault,调速开关损坏,1,
E37341,Fault,轴承磨损,1,
E37342,Fault,绕组匝间短路,1,
E37344,Fault,定时器失灵,1,
E37346,Fault,部分绕组短路,1,
E37347,Fault,电容器短路,1,
E37350,Fault,滑板式摇摆机构失灵,1,
E37351,Fault,斜齿轮严重磨损,1,
E37358,Fault,减速齿轮损坏,1,
E37359,Fault,啮合齿轮磨损,1,
E37362,Fault,啮合齿轮损坏,1,
E37363,Fault,转子绕组短路,1,
E37364,Fault,电钻过热,1,
E37370,Fault,一般是定位销挡壁断裂,1,
E37373,Fault,否则应更换损坏,1,
E37374,Fault,传动轮损坏,1,
E37375,Fault,电动机绕组局部短路,1,
E37376,Fault,电动机转子笼条断路,1,
E37379,Fault,定时器局部损坏,1,
E37380,Fault,电动机减震装置失效,1,
E37385,Fault,洗衣机漏水,1,
E37386,Fault,波轮轴密封损坏,1,
E37387,Fault,洗衣机漏电,1,
E37393,Fault,起动继电器线圈损坏,1,
E37395,Fault,电动机绕组损坏,1,
E37396,Fault,电动机引线断路,1,
E37397,Fault,化霜器损坏,1,
E37398,Fault,电动机起动电容器损坏,1,
E37400,Fault,电动机绕绕组损坏,1,
E37402,Fault,继电器工作失灵,1,
E37405,Fault,制冷剂严重泄漏,1,
E37406,Fault,有油迹处有泄漏,1,
E37410,Fault,电动机绕组短路,1,
E37414,Fault,电动机绕组绝缘损坏,1,
E37415,Fault,温度控制器绝缘损坏,1,
E37416,Fault,电气控制线路绝缘损坏,1,
E37417,Fault,感应漏电,1,
E37418,Fault,灯开关损坏,1,
E37419,Fault,灯泡烧坏,1,
E37421,Fault,制冷剂轻度泄漏,1,
E37422,Fault,调风门失灵,1,
E37426,Fault,制冷剂部分泄漏,1,
E37433,Fault,变压器绕组断路,1,
E37434,Fault,不易发生断路,1,
E37435,Fault,变压器绕组短路,1,
E37454,Fault,常常表现为短路,1,
E37487,Fault,某些转换开关损坏,1,
E37493,Fault,电源开关没有断路,1,
E37533,Fault,电动机故障,1,
E37536,Fault,没有过载,1,
E37537,Fault,本身损坏,1,
E37550,Fault,因失压,1,
E37551,Fault,无短路,1,
E37570,Fault,还有压力继电器失灵,1,
E37598,Fault,管路泄漏,1,
E37643,Fault,同时失压,1,
E37645,Fault,就会发生电动机过热,1,
E37647,Fault,电动机过热,1,
E37652,Fault,继电器失效,1,
E37659,Fault,线圈内部短路,1,
E37686,Fault,制动继电器失效,1,
E37707,Fault,接触器故障,1,
E37708,Fault,线圈回路断路,1,
E37720,Fault,制动器线圈有匝间短路,1,
E37722,Fault,空气断路,1,
E37733,Fault,一般是调速电阻断路,1,
E37744,Fault,任何一个运算放大器损坏,1,
E37757,Fault,吊货电动机飞车,1,
E37762,Fault,补偿网路损坏,1,
E37779,Fault,激磁刷尖磨损,1,
E37796,Fault,会使电动机运行时过热,1,
E37800,Fault,常会发生电动机过热,1,
E37807,Fault,掌握线路故障,1,
E37810,Fault,电源失压,1,
E37821,Fault,管路堵塞,1,
E37923,Fault,电机绕组没有发生过热,1,
E37933,Fault,主电源空气断路,1,
E37934,Fault,控制电源空气断路,1,
E37935,Fault,没有发生电动机过载,1,
E37943,Fault,合上空气断路,1,
E37969,Fault,左压缩机电动机短路,1,
E37970,Fault,左压缩机电动机断路,1,
E37971,Fault,右压缩机过热,1,
E37973,Fault,右压缩机电动机短路,1,
E37975,Fault,右压缩机电动机断路,1,
E37976,Fault,左压缩机过热,1,
E37978,Fault,冷凝器风机电动机断路,1,
E37981,Fault,冷凝器电动机低速断路,1,
E37982,Fault,供风温度传感器断路,1,
E37984,Fault,供风温度传感器短路,1,
E37985,Fault,蒸发器电动机高速断路,1,
E37986,Fault,回风温度传感器断路,1,
E37988,Fault,回风温度传感器短路,1,
E37989,Fault,蒸发器电动机低速断路,1,
E37991,Fault,蒸发器出口温度传感器断路,1,
E37992,Fault,蒸发器出口温度传感器短路,1,
E37994,Fault,箱内温度传感器断路,1,
E37996,Fault,箱内温度传感器短路,1,
E38025,Fault,控制电路保险丝断路,1,
E38026,Fault,次级送风温度传感器失灵,1,
E38027,Fault,电脑控制器保险丝断路,1,
E38028,Fault,初级回风温度传感器失灵,1,
E38029,Fault,环境温度传感器失灵,1,
E38030,Fault,加热终止温控器失灵,1,
E38031,Fault,化霜终止温控器失灵,1,
E38033,Fault,加热器失灵,1,
E38034,Fault,感温探头电路校对失灵,1,
E38035,Fault,压缩机电动机故障,1,
E38036,Fault,报警表失灵,1,
E38037,Fault,主电源电压传感器失灵,1,
E38038,Fault,电脑内部失灵,1,
E38039,Fault,初级送风温度传感器失灵,1,
E38057,Fault,引起逆功率跳闸,1,
E38061,Fault,配电板上主开关跳闸,1,
E38062,Fault,主开关跳闸,1,
E38064,Fault,航行中主开关突然跳闸,1,
E38067,Fault,发电机主开关误动作而跳闸,1,
E38068,Fault,又没有发生短路,1,
E38071,Fault,加上船舶振动引起失压,1,
E38074,Fault,调速器失灵,1,
E38076,Fault,也会引起主开关跳闸,1,
E38077,Fault,柴油机故障,1,
E38078,Fault,失压而跳闸,1,
E38080,Fault,引起跳闸,1,
E38081,Fault,靠码头装卸货时发生跳闸,1,
E38090,Fault,形成输出短路,1,
E38091,Fault,调压器整流元件断路,1,
E38092,Fault,谐振电容器短路,1,
E38096,Fault,失压保护而跳闸,1,
E38098,Fault,相有断路,1,
E38099,Fault,固定好发电机过热,1,
E38101,Fault,转子铁心有否松动轴承过热,1,
E38117,Fault,主开关失压脱扣跳闸,1,
E38119,Fault,泄漏电,1,
E38179,Fault,欠压保护由失压,1,
E38181,Fault,过载跳闸,1,
E38183,Fault,达到过载跳闸,1,
E38184,Fault,才跳闸,1,
E38195,Fault,达到过载,1,
E38197,Fault,直到开关跳闸,1,
E38198,Fault,主开关有延时跳闸,1,
E38203,Fault,整定值内跳闸,1,
E38212,Fault,控制卡先发出运行机组跳闸,1,
E38216,Fault,检测自动开关故障,1,
E38240,Fault,故障跳闸,1,
E38242,Fault,进行跳闸,1,
E38244,Fault,功率后跳闸,1,
E38270,Fault,主开关过载,1,
E38276,Fault,主开关应能自动瞬时跳闸,1,
E38279,Fault,延时跳闸,1,
E38286,Fault,油管泄漏,1,
E38310,Fault,换向电磁阀故障,1,
E38311,Fault,主机遥控系统故障,1,
E38334,Fault,起动故障,1,
E38371,Fault,测速发电机故障,1,
E38432,Fault,回路故障,1,
E38442,Fault,试验按钮故障,1,
E38485,Fault,这是属于系统故障,1,
E38545,Fault,自动空气断路,1,
E38564,Fault,形成短路,1,
E38577,Fault,电容器爆裂失效,1,
E38598,Fault,同时易损坏,1,
E38605,Fault,反力弹簧损坏,1,
E38607,Fault,绝缘损坏,1,
E38612,Fault,铁心极面磨损,1,
E38615,Fault,相间短路,1,
E38618,Fault,产品零部件损坏,1,
E38635,Fault,变压器短路,1,
E38651,Fault,碳刷磨损,1,
E38668,Fault,就有可能使限位开关损坏,1,
E38673,Fault,熔断器只作短路,1,
E38676,Fault,热继电器不能作短路,1,
E38687,Fault,不仅易损坏,1,
E38694,Fault,实现失压,1,
E38707,Fault,中途失压,1,
E38709,Fault,假设中途失压,1,
E38712,Fault,控制线路应具有短路,1,
E38716,Fault,因而过载,1,
E38718,Fault,零压继电器故障,1,
E38729,Fault,设有电动机过载,1,
E38730,Fault,电动机过载,1,
E38731,Fault,不设过载,1,
E38736,Fault,三极管存在漏电,1,
E38737,Fault,油泵电机过载,1,
E38750,Fault,元件损坏,1,
E38775,Fault,发光二极管损坏,1,
E38776,Fault,电源开关故障,1,
E38777,Fault,控制器失控,1,
E38779,Fault,不对称则损坏,1,
E38793,Fault,其中若出现超速,1,
E38805,Fault,极板短路,1,
E38806,Fault,严重时极板短路,1,
E38807,Fault,系列发电机设有发电机过热,1,
E38808,Fault,通常指系统发生过载,1,
E38810,Fault,电网中任何地点发生短路,1,
E38812,Fault,各处短路,1,
E38814,Fault,先将副边短路,1,
E38823,Fault,外部短路,1,
E38825,Fault,发电机外部短路,1,
E38832,Fault,短路保护是由空气断路,1,
E38836,Fault,只存在电流过载,1,
E38837,Fault,只存在功率过载,1,
E38854,Fault,秒过载,1,
E38866,Fault,万能式自动空气断路,1,
E38870,Fault,产生电弧烧坏,1,
E38879,Fault,最后也是控制失压,1,
E38881,Fault,塑壳式自动空气断路,1,
E38882,Fault,器亦称装置式自动空气断路,1,
E38883,Fault,具有短路,1,
E38884,Fault,欠压保护采用失压,1,
E38885,Fault,以作远距离跳闸,1,
E38887,Fault,塑壳式断路,1,
E38889,Fault,以保证断路,1,
E38895,Fault,触头表面过度磨损,1,
E38897,Fault,于是发出发电机跳闸,1,
E38899,Fault,脱扣器使发电机跳闸,1,
E38904,Fault,发电机保护模块包括过载,1,
E38905,Fault,通常过载,1,
E38912,Fault,甚至引起电网跳闸,1,
E38932,Fault,发电机励磁绕组有断路,1,
E38935,Fault,启辉器损坏,1,
E38936,Fault,中间不亮启辉器触点短路,1,
E38937,Fault,镇流器过热,1,
E38944,Fault,白色环照灯停泊失控,1,
E38962,Fault,就会在通电时发生短路,1,
E38973,Fault,现代船舶柴油机故障,1,
E39008,Fault,变形损坏,1,
E39012,Fault,运行时柴油机活塞环断裂,1,
E39013,Fault,排气阀漏气,1,
E39016,Fault,活塞环漏气,1,
E39021,Fault,增压器故障,1,
E39024,Fault,其次增压器轴承损坏,1,
E39025,Fault,特别是在发生增压器超速,1,
E39027,Fault,涡轮叶片导向环磨损,1,
E39028,Fault,空气冷却器管子漏水,1,
E39031,Fault,缸缸套开裂漏水,1,
E39058,Fault,涡轮保护格栅堵塞,1,
E39064,Fault,缸活塞环断裂,1,
E39075,Fault,尤其是排气阀漏气,1,
E39080,Fault,废气涡轮增压器故障,1,
E39081,Fault,空冷器堵塞,1,
E39085,Fault,缸排温过高是因喷油器故障,1,
E39088,Fault,容易引起轴承烧损,1,
E39090,Fault,涡轮侧轴承烧损,1,
E39091,Fault,从而使轴承存在磨粒磨损,1,
E39093,Fault,轴承烧损,1,
E39100,Fault,增压器进气滤器堵塞,1,
E39101,Fault,中冷器堵塞,1,
E39102,Fault,气缸漏气,1,
E39106,Fault,气缸套磨损,1,
E39109,Fault,主机活塞环异常磨损,1,
E39124,Fault,第一缸有两道活塞环磨损,1,
E39128,Fault,活塞杆气封环弹簧均已断裂,1,
E39140,Fault,气缸很快磨损,1,
E39146,Fault,增压器超速,1,
E39147,Fault,增压器轴承损坏,1,
E39154,Fault,滚动轴承损坏,1,
E39171,Fault,就说明是空冷器管子漏水,1,
E39187,Fault,只有当废气侧大量漏水,1,
E39194,Fault,因油泵管路堵塞,1,
E39196,Fault,轻者使油泵加快磨损,1,
E39197,Fault,重者会堵塞,1,
E39200,Fault,活塞环断裂,1,
E39234,Fault,缸缸套磨损,1,
E39238,Fault,最大磨损,1,
E39240,Fault,缸出现敲缸,1,
E39245,Fault,柴油机缸套磨损,1,
E39260,Fault,活塞环缸套磨损,1,
E39271,Fault,腐蚀磨损,1,
E39298,Fault,能否在短时间内达到磨损,1,
E39312,Fault,连杆轴承严重烧损,1,
E39323,Fault,见主机严重损坏,1,
E39324,Fault,缸连杆轴承下盖断裂,1,
E39327,Fault,凸轮轴轴承大部分损坏,1,
E39351,Fault,曲轴断裂,1,
E39354,Fault,轴带发电机失压,1,
E39366,Fault,轮主机损坏,1,
E39368,Fault,缸套内漏水,1,
E39369,Fault,缸发现活塞烧坏,1,
E39370,Fault,缸连杆大端轴承又烧坏,1,
E39371,Fault,自动冲洗时失压,1,
E39372,Fault,活塞过热,1,
E39373,Fault,引起拉缸,1,
E39377,Fault,轮低速主机主轴承断油损坏,1,
E39383,Fault,轮主机曲轴烧损,1,
E39385,Fault,相继过载,1,
E39386,Fault,主轴颈都严重烧坏,1,
E39388,Fault,副机淡水泵因轴封漏水,1,
E39392,Fault,不可能发生轴承烧坏,1,
E39393,Fault,正巧主机自动停车装置失灵,1,
E39401,Fault,轮副机三次曲轴断裂,1,
E39403,Fault,副机第二次曲轴断裂,1,
E39413,Fault,这为日后曲轴断裂,1,
E39415,Fault,缸连杆螺栓断裂,1,
E39424,Fault,连杆螺栓松动断裂,1,
E39425,Fault,严防轴瓦移位堵塞,1,
E39426,Fault,因轴承过热,1,
E39427,Fault,万一其失灵,1,
E39428,Fault,缸套磨损,1,
E39429,Fault,连杆大端布司磨损,1,
E39451,Fault,都会使磨损,1,
E39468,Fault,排气阀阀杆处漏气,1,
E39473,Fault,但运行一段时间漏气,1,
E39491,Fault,部件表面直接承受磨损,1,
E39497,Fault,活塞环磨损,1,
E39498,Fault,活塞环损坏,1,
E39503,Fault,多媒体技术等使柴油机故障,1,
E39507,Fault,平均机械损失压,1,
E39518,Fault,随着磨损,1,
E39519,Fault,只要设法测得磨损,1,
E39523,Fault,进行活塞环故障,1,
E39527,Fault,系统中活塞环磨损,1,
E39529,Fault,活塞环异常磨损,1,
E39531,Fault,缸异常磨损,1,
E39534,Fault,假设最大允许磨损,1,
E39535,Fault,最大允许磨损,1,
E39538,Fault,缸在活塞环磨损,1,
E39540,Fault,缸活塞环处于异常磨损,1,
E39545,Fault,有一条平均磨损,1,
E39551,Fault,平均磨损,1,
E39552,Fault,从图中可以看出平均磨损,1,
E39554,Fault,仍假设最大磨损,1,
E39555,Fault,按照平均磨损,1,
E39578,Fault,以实现柴油机故障,1,
E39599,Fault,考虑了排气阀漏气,1,
E39605,Fault,空气滤清器堵塞,1,
E39606,Fault,透平保护格栅堵塞,1,
E39607,Fault,透平通流部分堵塞,1,
E39612,Fault,排气阀堵塞,1,
E39661,Fault,空气冷却器空气侧堵塞,1,
E39690,Fault,还受到另一气缸故障,1,
E39701,Fault,研究开发出船用柴油机故障,1,
E39739,Fault,活塞环异常磨损会损坏,1,
E39740,Fault,轮主机增压器故障,1,
E39758,Fault,增压器轴承烧损,1,
E39937,Fault,其可能原因是活塞环失效,1,
E39941,Fault,个别气阀漏气,1,
E39954,Fault,严重时会出现柴油机拉缸,1,
E39958,Fault,滑油调压阀失效,1,
E39959,Fault,滑油温度计失灵,1,
E39969,Fault,冷却水管道泄漏,1,
E39995,Fault,增压器冷却水水腔堵塞,1,
E40000,Fault,仅轴承烧坏,1,
E40026,Fault,个别气缸排气阀泄漏,1,
E40029,Fault,空冷器空气侧严重堵塞,1,
E40030,Fault,从而使轴承存在磨屑磨损,1,
E40046,Fault,辅机故障,1,
E40048,Fault,设备磨损,1,
E40051,Fault,部件磨损,1,
E40056,Fault,疲劳磨损,1,
E40057,Fault,粘着磨损,1,
E40062,Fault,物件磨损,1,
E40065,Fault,通常也称为边界磨损,1,
E40080,Fault,但磨损,1,
E40106,Fault,不但可以反映磨损,1,
E40107,Fault,这可以反映磨损,1,
E40114,Fault,判断磨损,1,
E40167,Fault,液压泵故障,1,
E40168,Fault,液压马达故障,1,
E40169,Fault,液压缸故障,1,
E40186,Fault,缸有漏气,1,
E40188,Fault,其原因是漏气,1,
E40230,Fault,燃油泵磨损,1,
E40235,Fault,系统对柴油机故障,1,
E40299,Fault,我们称这个继电器失效,1,
E40300,Fault,我们称这个继电器故障,1,
E40301,Fault,显然这不是继电器失效,1,
E40302,Fault,我们则称这个继电器故障,1,
E40335,Fault,系统失效,1,
E40402,Fault,设电动机故障,1,
E40470,Fault,容易发生磨损,1,
E40477,Fault,除磨损,1,
E40538,Fault,柱塞漏油,1,
E40539,Fault,氯缸頭軟墊漏水,1,
E40547,Fault,氯缸氯裂漏水,1,
E40549,Fault,拉去鼓風机漏油,1,
E40552,Fault,噴射器失效,1,
E40553,Fault,發生漏油,1,
E40561,Fault,燃油管路漏油,1,
E40564,Fault,喷油器杜塞漏油,1,
E40568,Fault,压力保险阀漏油,1,
E40572,Fault,當保險閥漏油,1,
E40578,Fault,冷却循环泵填料箱漏水,1,
E40580,Fault,並找出漏水,1,
E40583,Fault,喷油器油咀漏油,1,
E40587,Fault,冷却器损坏,1,
E40588,Fault,润滑油管路漏油,1,
E40597,Fault,氯缸冷却套筒漏水,1,
E40598,Fault,润滑油冷却筒漏水,1,
E40612,Fault,油管接頭有無漏油,1,
E40615,Fault,將堵塞,1,
E40617,Fault,油管之喇叭頭耗損漏油,1,
E40631,Fault,破损而致漏油,1,
E40633,Fault,从一次主机增压器损坏,1,
E40680,Fault,要改变活塞环异常磨损,1,
E40712,Fault,透平端轴承外套损坏,1,
E40717,Fault,但从这次主机活塞环断裂,1,
E40738,Fault,扫气单向阀片损坏,1,
E40747,Fault,事故原因是超速,1,
E40767,Fault,综合所有泄漏,1,
E40778,Fault,液压系统产生漏油,1,
E40780,Fault,元件接合画间漏油,1,
E40781,Fault,壳体漏油,1,
E40788,Fault,液压传动装置防过载,1,
E40819,Fault,滤油器堵塞,1,
E40841,Fault,齿轮液压马达漏油,1,
E40845,Fault,纸质滤油器上方装有堵塞,1,
E40847,Fault,易堵塞,1,
E40848,Fault,液体会使滤芯损坏,1,
E40850,Fault,便于收集漏油,1,
E40855,Fault,从而使右侧液压缸失压,1,
E40868,Fault,这时漏油,1,
E40873,Fault,液压元件磨损,1,
E40874,Fault,甚至损坏,1,
E40875,Fault,污垢颗粒会加速磨损,1,
E40905,Fault,微振磨损,1,
E40921,Fault,液压系统漏油,1,
E40928,Fault,近年来都把漏油,1,
E40934,Fault,管接头漏油在漏油,1,
E40935,Fault,约占系统漏油,1,
E40936,Fault,管接头漏油,1,
E40937,Fault,才能保证连接后不漏油,1,
E40938,Fault,所以也极易产生漏油,1,
E40943,Fault,引起外部漏油,1,
E40945,Fault,从而产生漏油,1,
E40953,Fault,静密封装置可以实现无泄漏,1,
E40955,Fault,密封元件本身磨损,1,
E40956,Fault,轻微磨损,1,
E40963,Fault,同时能补偿磨损,1,
E40964,Fault,产生漏油,1,
E40968,Fault,不得漏气,1,
E40969,Fault,具有外部泄漏,1,
E40977,Fault,内泄漏,1,
E40992,Fault,气蚀会产生过热,1,
E40999,Fault,滤油器网眼堵塞,1,
E41003,Fault,不能有异常声音推杆磨损,1,
E41005,Fault,会烧坏,1,
E41011,Fault,控制杆部分不能漏油漏油,1,
E41012,Fault,单向阀内泄漏,1,
E41013,Fault,次侧测量内泄漏,1,
E41015,Fault,截止阀内泄漏,1,
E41017,Fault,以上漏油,1,
E41022,Fault,油冷却器漏油,1,
E41024,Fault,软管漏油,1,
E41025,Fault,不能泄漏油,1,
E41026,Fault,油轴承漏油,1,
E41027,Fault,不能漏油不能漏油,1,
E41028,Fault,不能漏油,1,
E41036,Fault,这样可以防止因磨损,1,
E41047,Fault,所有油口均用专用塞头堵塞,1,
E41063,Fault,密封件磨损,1,
E41065,Fault,密封件失效,1,
E41066,Fault,控制阀故障,1,
E41067,Fault,主要是泵内部泄漏,1,
E41070,Fault,吸油管不允许漏气,1,
E41073,Fault,连接部位有泄漏,1,
E41074,Fault,零件磨损,1,
E41079,Fault,泵磨损,1,
E41080,Fault,修磨磨损,1,
E41081,Fault,进油口漏气,1,
E41083,Fault,系统泄漏,1,
E41084,Fault,定子内表面磨损,1,
E41085,Fault,配油盘端面磨损,1,
E41086,Fault,泵体腔道堵塞,1,
E41091,Fault,变量机构失灵,1,
E41093,Fault,紧固可能漏气,1,
E41094,Fault,吸油口堵塞,1,
E41098,Fault,吸入滤油器被堵塞,1,
E41102,Fault,中心弹簧损坏,1,
E41106,Fault,密封损坏,1,
E41109,Fault,滑轮等变量机构失灵,1,
E41114,Fault,液压马达内部泄漏,1,
E41119,Fault,系统密封不严而泄漏,1,
E41120,Fault,内部泄漏,1,
E41121,Fault,压力阀失灵,1,
E41122,Fault,压力计损坏,1,
E41123,Fault,液动机各接合面严重泄漏,1,
E41128,Fault,隔绝外界振源外部泄漏,1,
E41130,Fault,旋紧管塞内部泄漏,1,
E41133,Fault,凸轮环工作表面损坏,1,
E41135,Fault,配流器漏油,1,
E41138,Fault,密封件损坏,1,
E41141,Fault,形密封圈损坏,1,
E41142,Fault,以不漏油,1,
E41145,Fault,加速密封件磨损,1,
E41146,Fault,自然老化失效,1,
E41153,Fault,堵使阀失效,1,
E41161,Fault,以下漏油,1,
E41163,Fault,滑阀阻尼孔堵塞,1,
E41164,Fault,先导阀阻尼孔堵塞,1,
E41165,Fault,先导阀泄油孔堵塞,1,
E41172,Fault,电磁铁线圈短路,1,
E41173,Fault,控制线路短路,1,
E41174,Fault,电磁铁线圈断路,1,
E41176,Fault,阻尼孔被污物堵塞,1,
E41179,Fault,阻尼孔被堵塞,1,
E41180,Fault,阻尼孔堵塞,1,
E41181,Fault,有泄漏,1,
E41184,Fault,节流口堵塞,1,
E41187,Fault,主阀被脏物堵塞,1,
E41188,Fault,阀芯小孔被脏物堵塞,1,
E41191,Fault,反向密封严密不泄漏,1,
E41203,Fault,电磁铁线圈烧坏,1,
E41206,Fault,先导电磁阀故障,1,
E41208,Fault,控制油路被堵塞,1,
E41209,Fault,阀端盖处漏油,1,
E41210,Fault,弹簧断裂,1,
E41212,Fault,排油腔阀盖处漏油,1,
E41239,Fault,查查漏油,1,
E41249,Fault,四看泄漏,1,
E41250,Fault,三听泄漏,1,
E41300,Fault,表述液压系统故障,1,
E41302,Fault,这是一种测试液压系统故障,1,
E41309,Fault,外泄漏,1,
E41319,Fault,零件溢流阀阀座损坏,1,
E41327,Fault,舵停久了就可能因漏油,1,
E41329,Fault,以防泵过载,1,
E41342,Fault,密封压盖没有漏油,1,
E41353,Fault,辅液压泵损坏,1,
E41355,Fault,电力操纵系统断路,1,
E41356,Fault,电磁阀线圈烧坏,1,
E41359,Fault,主要是泵磨损,1,
E41360,Fault,液压系统严重泄漏,1,
E41361,Fault,旁通阀泄漏,1,
E41363,Fault,液压缸处严重泄漏,1,
E41365,Fault,电磁阀一侧线圈断路,1,
E41368,Fault,接头等处有泄漏,1,
E41369,Fault,反馈装置失灵,1,
E41370,Fault,换向装置失灵,1,
E41379,Fault,突然失压,1,
E41381,Fault,旁通短路,1,
E41387,Fault,液压马达内部严重泄漏,1,
E41398,Fault,制动器失压,1,
E41400,Fault,二是切不可将泄漏,1,
E41411,Fault,吸入滤器堵塞,1,
E41412,Fault,控制压力阀失灵,1,
E41413,Fault,节流阀堵塞,1,
E41415,Fault,控制器失灵,1,
E41416,Fault,液压泵伺服机构失灵,1,
E41417,Fault,管路中泄漏,1,
E41418,Fault,控制设备失灵,1,
E41420,Fault,控制液压缸失灵,1,
E41422,Fault,泵零件磨损,1,
E41423,Fault,修理泵严重磨损,1,
E41424,Fault,传动板松动损坏,1,
E41425,Fault,安全联接器损坏,1,
E41428,Fault,管道堵塞,1,
E41433,Fault,超负荷继电器损坏,1,
E41434,Fault,启动器继电器损坏,1,
E41435,Fault,启动器辅助触点损坏,1,
E41436,Fault,停机按钮损坏,1,
E41439,Fault,均失压,1,
E41441,Fault,滑油泄漏,1,
E41447,Fault,联锁开关故障,1,
E41449,Fault,制动电磁阀故障,1,
E41450,Fault,制动油路安全阀故障,1,
E41452,Fault,制动弹簧断裂,1,
E41459,Fault,凸轮环磨损,1,
E41461,Fault,冷却器风扇断裂,1,
E41463,Fault,系统中安全阀故障,1,
E41478,Fault,传感器故障,1,
E41491,Fault,橡胶软管已损坏,1,
E41492,Fault,橡胶软管损坏,1,
E41494,Fault,已损坏,1,
E41496,Fault,电磁铁线圈已烧坏,1,
E41497,Fault,液压泵压力补偿控制管损坏,1,
E41514,Fault,污染磨损,1,
E41516,Fault,元件结合面间漏油,1,
E41543,Fault,易磨损,1,
E41544,Fault,定子曲面易磨损,1,
E41545,Fault,液控单向阀按泄漏油,1,
E41561,Fault,泄漏油,1,
E41571,Fault,从而使进油液压缸失压,1,
E41575,Fault,甚至受到损坏,1,
E41582,Fault,生成沉淀物会堵塞,1,
E41590,Fault,固体颗粒会加速磨损,1,
E41626,Fault,两体磨损,1,
E41674,Fault,油封处就会发生漏油,1,
E41677,Fault,油封处漏油,1,
E41683,Fault,就有可能漏油,1,
E41687,Fault,但泄漏油,1,
E41699,Fault,预热时为防油液局部过热,1,
E41703,Fault,以上操作磨损,1,
E41704,Fault,磨损时更换泄漏,1,
E41706,Fault,顺序阀操作状况推杆磨损,1,
E41709,Fault,液压阀操作状况内泄漏,1,
E41711,Fault,换密封外泄漏,1,
E41712,Fault,修理内泄漏,1,
E41714,Fault,不能泄漏,1,
E41715,Fault,不能漏水,1,
E41716,Fault,油变白浊漏油,1,
E41718,Fault,手摸不能漏油,1,
E41731,Fault,定子圈内表面有异常磨损,1,
E41741,Fault,液压缸内泄漏,1,
E41746,Fault,不准有外泄漏,1,
E41747,Fault,测量内泄漏,1,
E41785,Fault,原因分类误用失效本质失效,1,
E41786,Fault,早期失效偶然失效耗损失效,1,
E41801,Fault,轻度失效,1,
E41803,Fault,严重失效致命失效,1,
E41805,Fault,突然而完全失效,1,
E41813,Fault,元器件失效,1,
E41823,Fault,模式序号失效,1,
E41824,Fault,结构失效,1,
E41825,Fault,电短路,1,
E41855,Fault,它又是一种失效,1,
E41861,Fault,列举其失效,1,
E41862,Fault,再其次是疲劳失效,1,
E41870,Fault,滑靴等变量机构失灵,1,
E41884,Fault,拆开清洗失灵,1,
E41968,Fault,舵机失效,1,
E41970,Fault,就会发生舵机失效,1,
E41971,Fault,同时失效,1,
E41996,Fault,以防系统过载,1,
E42000,Fault,引起泄漏,1,
E42002,Fault,但其泄漏,1,
E42005,Fault,转叶液压缸内部磨损,1,
E42008,Fault,液压泵轴处油封磨损,1,
E42010,Fault,联轴器磨损,1,
E42016,Fault,电源缺相报警过载,1,
E42018,Fault,密封压盖处没有漏油,1,
E42022,Fault,副液压泵损坏,1,
E42024,Fault,电磁线圈烧坏,1,
E42028,Fault,也失压,1,
E42029,Fault,防过载,1,
E42043,Fault,一是确实因过载,1,
E42056,Fault,启动器线圈烧坏,1,
E42057,Fault,启动按钮损坏,1,
E42059,Fault,胶状物使其堵塞,1,
E42063,Fault,阀芯磨损,1,
E42064,Fault,调定弹簧断裂,1,
E42065,Fault,阀内控制油路堵塞,1,
E42075,Fault,单向阀泄漏,1,
E42098,Fault,声音联锁开关故障,1,
E42102,Fault,枢轴故障制动弹簧断裂,1,
E42108,Fault,冷却器风扇叶片断裂,1,
E42110,Fault,引起泵轴拉伤液压马达故障,1,
E42121,Fault,端面磨损,1,
E42122,Fault,泵端面严重磨损,1,
E42156,Fault,桨叶控制失效,1,
E42171,Fault,加装短路,1,
E42182,Fault,变压器副边绕组短路,1,
E42187,Fault,但从限制变压器短路,1,
E42195,Fault,以防止电压互感器意外损坏,1,
E42217,Fault,它将被电刷短路,1,
E42219,Fault,同时被电刷短路,1,
E42270,Fault,一旦管路破损漏油,1,
E42271,Fault,否则电动机会过热,1,
E42275,Fault,绕组过热,1,
E42277,Fault,风机电动机过载,1,
E42282,Fault,故失压,1,
E42284,Fault,高速跳闸,1,
E42289,Fault,起货机过载,1,
E42290,Fault,来控制低速挡保护跳闸,1,
E42291,Fault,高挡保护跳闸,1,
E42292,Fault,以实现过载,1,
E42294,Fault,高速绕组长期过载,1,
E42295,Fault,风机过载,1,
E42296,Fault,会使电动机过热而损坏,1,
E42301,Fault,高速挡过载,1,
E42302,Fault,间有互锁作为防止电源短路,1,
E42303,Fault,控制回路用熔断器作短路,1,
E42305,Fault,高速挡运行过载,1,
E42317,Fault,进行失压,1,
E42321,Fault,运行泵电动机过载,1,
E42322,Fault,热过载,1,
E42323,Fault,接收到电动机过载,1,
E42324,Fault,只具备失压,1,
E42326,Fault,型装置发出分油机故障,1,
E42348,Fault,合上断路,1,
E42375,Fault,装置式断路,1,
E42378,Fault,不会因单相短路而产生短路,1,
E42379,Fault,电流使系统保护跳闸,1,
E42391,Fault,具有防止酸液泄漏,1,
E42397,Fault,一旦主发电机开关跳闸,1,
E42409,Fault,开关自动跳闸,1,
E42412,Fault,自动开关同样具有过载,1,
E42423,Fault,不仅直接控制主断路,1,
E42459,Fault,发电机内部短路,1,
E42461,Fault,甚至发电机跳闸,1,
E42465,Fault,瞬时动作于发电机跳闸,1,
E42471,Fault,会使发电机过热,1,
E42472,Fault,引起其绝缘损坏,1,
E42478,Fault,发电机一旦发生过载,1,
E42479,Fault,仍不能消除过载,1,
E42480,Fault,发出发电机过载跳闸,1,
E42487,Fault,故欠压保护可作为短路,1,
E42493,Fault,逆功率保护不应失效,1,
E42510,Fault,个汇流排连接断路,1,
E42516,Fault,实现断路,1,
E42519,Fault,单元向断路,1,
E42520,Fault,中压汇流排连接断路,1,
E42521,Fault,旋转变流器中压端断路,1,
E42522,Fault,旋转变流器低压端断路,1,
E42524,Fault,系统在中压主发电机断路,1,
E42534,Fault,通常采用断路,1,
E42539,Fault,这两种断路,1,
E42550,Fault,高压真空断路,1,
E42551,Fault,发电机通过真空断路,1,
E42572,Fault,主开关故障,1,
E42590,Fault,发电机过载反时限跳闸,1,
E42602,Fault,实现短路,1,
E42624,Fault,型框架式空气断路,1,
E42627,Fault,相当于控制失压,1,
E42629,Fault,控制空气断路,1,
E42634,Fault,都可以实现发电机断路,1,
E42635,Fault,发电机断路,1,
E42636,Fault,单元断开发电机断路,1,
E42638,Fault,发电机短路,1,
E42641,Fault,单元使得发电机断路,1,
E42645,Fault,柴油机超速,1,
E42677,Fault,系统将断开发电机断路,1,
E42692,Fault,凡有损坏,1,
E42717,Fault,中间不亮启辉器损坏,1,
E42727,Fault,励磁回路断路,1,
E42733,Fault,换向极绕组短路,1,
E42737,Fault,电机长期过载,1,
E42744,Fault,机壳漏电,1,
E42746,Fault,轴承漏油,1,
E42748,Fault,定子绕组相间短路,1,
E42749,Fault,转子绕组断路,1,
E42751,Fault,定子绕组短路,1,
E42753,Fault,绕线型转子绕组一相断路,1,
E42756,Fault,定子绕组局部短路,1,
E42757,Fault,振动过大查找短路,1,
E42759,Fault,进行修复查找短路,1,
E42762,Fault,绕组绝缘损坏,1,
E42787,Fault,发电机组额定过载,1,
E42816,Fault,所以过载,1,
E42821,Fault,从系统对发电机过载,1,
E42822,Fault,发电机过载,1,
E42838,Fault,又叫短路,1,
E42844,Fault,器中失压,1,
E42861,Fault,须采用断路,1,
E42864,Fault,主开关空气断路,1,
E42882,Fault,都可能发生短路,1,
E42888,Fault,线路发生断路,1,
E42898,Fault,容器损坏,1,
E42911,Fault,下不会马上跳闸,1,
E42913,Fault,开关不跳闸,1,
E42916,Fault,另一台应跳闸,1,
E42926,Fault,能起到过载,1,
E42930,Fault,熔断器烧坏,1,
E42931,Fault,主令控制器失控,1,
E42940,Fault,要求电动机过载,1,
E42941,Fault,除了短路,1,
E42949,Fault,有否断路,1,
E42970,Fault,辅泵损坏,1,
E42987,Fault,转叶液压缸内部密封损坏,1,
E42988,Fault,主油路换向阀内部泄漏,1,
E43002,Fault,做短路,1,
E43008,Fault,轴封泄漏,1,
E43013,Fault,堵住漏气,1,
E43015,Fault,吸气管漏气,1,
E43016,Fault,堵塞漏气,1,
E43017,Fault,密封环叶轮磨损,1,
E43018,Fault,电机绕组短路,1,
E43022,Fault,交流接触器衔铁上短路,1,
E43023,Fault,线路内部有匝间短路,1,
E43026,Fault,各部件不得有漏气,1,
E43036,Fault,阀泄漏,1,
E43038,Fault,排气温度过高气阀泄漏,1,
E43040,Fault,空压机电机绕组短路,1,
E43041,Fault,交流接触器线圈烧坏,1,
E43047,Fault,引起开关跳闸,1,
E43051,Fault,断路器跳闸,1,
E43052,Fault,风管连接口漏气,1,
E43089,Fault,船体漏水,1,
E43125,Fault,之差称过热,1,
E43144,Fault,冷风机霜层较厚还会堵塞,1,
E43147,Fault,电动机保护一般有短路,1,
E43155,Fault,吸气过热,1,
E43157,Fault,冷库隔热层损坏,1,
E43161,Fault,风机失压,1,
E43162,Fault,中间熄火,1,
E43166,Fault,迫使锅炉熄火,1,
E43177,Fault,点火变压器故障,1,
E43189,Fault,燃烧器电极过载,1,
E43197,Cause,过载,1,
E43198,Cause,老化,1,
E43199,Cause,短路,1,
E43201,Cause,腐蚀,1,
E43203,Cause,磨损,1,
E43205,Cause,变形,1,
E43207,Cause,断相,1,
E43208,Cause,相间短路,1,
E43210,Cause,电源电压过低,1,
E43211,Cause,线圈过热,1,
E43212,Cause,电源电压过高,1,
E43214,Cause,触头过热,1,
E43215,Cause,触头接触不良,1,
E43216,Cause,环境温度过高,1,
E43217,Cause,触头过度磨损,1,
E43218,Cause,负载侧短路,1,
E43223,Cause,电网短路,1,
E43224,Cause,线圈短路,1,
E43225,Cause,螺丝松动,1,
E43231,Cause,触钉松动,1,
E43232,Cause,接触不良,1,
E43233,Cause,裂纹,1,
E43234,Cause,电刷磨损,1,
E43238,Cause,断路,1,
E43247,Cause,刷握松动,1,
E43248,Cause,轴承磨损,1,
E43249,Cause,电枢绕组短路,1,
E43250,Cause,长期过载,1,
E43253,Cause,扇叶变形,1,
E43254,Cause,绕组匝间短路,1,
E43255,Cause,缺油,1,
E43257,Cause,制冷剂严重泄漏,1,
E43258,Cause,变压器绕组断路,1,
E43259,Cause,变压器绕组短路,1,
E43264,Cause,线路发生断路,1,
E43268,Cause,过热,1,
E43270,Cause,管路泄漏,1,
E43272,Cause,电动机过热,1,
E43273,Cause,摩擦片变形,1,
E43274,Cause,线圈内部短路,1,
E43275,Cause,间隙过大,1,
E43276,Cause,空气断路,1,
E43278,Cause,螺钉松动,1,
E43280,Cause,管路堵塞,1,
E43284,Cause,合上空气断路,1,
E43285,Cause,机排气温度传感器短路,1,
E43286,Cause,主断路,1,
E43291,Cause,谐振电容器短路,1,
E43294,Cause,发电机励磁绕组有断路,1,
E43295,Cause,相复励变压器线圈短路,1,
E43297,Cause,固定好发电机过热,1,
E43300,Cause,泄漏,1,
E43301,Cause,达到过载,1,
E43306,Cause,油管泄漏,1,
E43307,Cause,污染,1,
E43309,Cause,自动空气断路,1,
E43310,Cause,形成短路,1,
E43313,Cause,绝缘损坏,1,
E43315,Cause,碳刷磨损,1,
E43317,Cause,间隙过小,1,
E43319,Cause,因而过载,1,
E43322,Cause,耐腐蚀,1,
E43323,Cause,放电电流过大,1,
E43324,Cause,各处短路,1,
E43325,Cause,外部短路,1,
E43326,Cause,发电机外部短路,1,
E43328,Cause,会使发电机过热,1,
E43330,Cause,秒过载,1,
E43333,Cause,万能式自动空气断路,1,
E43337,Cause,灯座触点接触不良,1,
E43338,Cause,灯管老化,1,
E43342,Cause,堵塞,1,
E43344,Cause,空冷器堵塞,1,
E43346,Cause,气阀间隙过大,1,
E43349,Cause,空冷器空气侧严重堵塞,1,
E43351,Cause,润滑不良,1,
E43353,Cause,冷却海水压力不足,1,
E43357,Cause,积炭,1,
E43365,Cause,最大磨损,1,
E43367,Cause,腐蚀磨损,1,
E43369,Cause,活塞过热,1,
E43371,Cause,连杆螺栓松动,1,
E43372,Cause,缸套磨损,1,
E43375,Cause,冷却不良,1,
E43380,Cause,活塞环磨损,1,
E43385,Cause,随着磨损,1,
E43386,Cause,只要设法测得磨损,1,
E43392,Cause,系统中活塞环磨损,1,
E43394,Cause,活塞环异常磨损,1,
E43396,Cause,缸异常磨损,1,
E43399,Cause,假设最大允许磨损,1,
E43400,Cause,最大允许磨损,1,
E43402,Cause,缸在活塞环磨损,1,
E43403,Cause,缸活塞环处于异常磨损,1,
E43407,Cause,有一条平均磨损,1,
E43409,Cause,时间范围内活塞环磨损,1,
E43413,Cause,平均磨损,1,
E43414,Cause,图中可以看出平均磨损,1,
E43416,Cause,仍假设最大磨损,1,
E43417,Cause,按照平均磨损,1,
E43420,Cause,空气滤清器堵塞,1,
E43421,Cause,透平保护格栅堵塞,1,
E43422,Cause,透平通流部分堵塞,1,
E43423,Cause,排气阀堵塞,1,
E43425,Cause,高腐蚀,1,
E43427,Cause,滑油温度过高,1,
E43429,Cause,疲劳磨损,1,
E43430,Cause,粘着磨损,1,
E43431,Cause,物件磨损,1,
E43432,Cause,但磨损,1,
E43437,Cause,液压油污染,1,
E43445,Cause,油液污染,1,
E43448,Cause,液压传动装置防过载,1,
E43460,Cause,滤油器堵塞,1,
E43478,Cause,液压元件磨损,1,
E43499,Cause,微振磨损,1,
E43544,Cause,封装置可以实现无泄漏,1,
E43545,Cause,密封元件本身磨损,1,
E43546,Cause,轻微磨损,1,
E43549,Cause,密封不严,1,
E43550,Cause,同时能补偿磨损,1,
E43553,Cause,具有外部泄漏,1,
E43561,Cause,内泄漏,1,
E43571,Cause,气蚀会产生过热,1,
E43575,Cause,螺纹连接部分不能松动,1,
E43576,Cause,不能松动,1,
E43577,Cause,滤油器网眼堵塞,1,
E43579,Cause,壳体紧固螺钉松动,1,
E43580,Cause,各部位均不能松动,1,
E43581,Cause,配合间隙过大,1,
E43582,Cause,单向阀内泄漏,1,
E43583,Cause,次侧测量内泄漏,1,
E43585,Cause,截止阀内泄漏,1,
E43586,Cause,自输出侧检查内泄漏,1,
E43587,Cause,密封老化,1,
E43589,Cause,引起内泄漏,1,
E43591,Cause,不能泄漏,1,
E43592,Cause,各安装部位不能松动,1,
E43593,Cause,这样可以防止因磨损,1,
E43600,Cause,自然老化,1,
E43604,Cause,油口均用专用塞头堵塞,1,
E43609,Cause,密封件磨损,1,
E43610,Cause,要原因是泵零部件磨损,1,
E43611,Cause,主要是泵内部泄漏,1,
E43612,Cause,零件磨损,1,
E43613,Cause,装配不当,1,
E43614,Cause,泵磨损,1,
E43616,Cause,泵盖螺钉松动,1,
E43617,Cause,定子内表面磨损,1,
E43621,Cause,吸油口堵塞,1,
E43624,Cause,清除堵塞,1,
E43625,Cause,吸入滤油器被堵塞,1,
E43634,Cause,液压马达内部泄漏,1,
E43640,Cause,系统密封不严而泄漏,1,
E43641,Cause,轴向间隙过大,1,
E43643,Cause,内部泄漏,1,
E43644,Cause,动机各接合面严重泄漏,1,
E43649,Cause,隔绝外界振源外部泄漏,1,
E43651,Cause,旋紧管塞内部泄漏,1,
E43654,Cause,紧固螺栓松动,1,
E43659,Cause,加速密封件磨损,1,
E43660,Cause,紧固螺钉松动,1,
E43661,Cause,管接头松动,1,
E43662,Cause,防尘圈老化,1,
E43666,Cause,调压弹簧变形,1,
E43669,Cause,滑阀阻尼孔堵塞,1,
E43670,Cause,先导阀阻尼孔堵塞,1,
E43671,Cause,先导阀泄油孔堵塞,1,
E43672,Cause,电磁铁线圈短路,1,
E43673,Cause,控制线路短路,1,
E43674,Cause,电磁铁线圈断路,1,
E43675,Cause,电磁铁接插件松动,1,
E43677,Cause,阻尼孔被污物堵塞,1,
E43678,Cause,阻尼孔被堵塞,1,
E43679,Cause,阻尼孔堵塞,1,
E43680,Cause,有泄漏,1,
E43682,Cause,节流口堵塞,1,
E43684,Cause,主阀被脏物堵塞,1,
E43685,Cause,阀芯小孔被脏物堵塞,1,
E43688,Cause,反向密封严密不泄漏,1,
E43694,Cause,控制油路被堵塞,1,
E43695,Cause,控制油路压力不足,1,
E43698,Cause,角槽节流阀电磁铁过热,1,
E43709,Cause,四看泄漏,1,
E43710,Cause,三听泄漏,1,
E43714,Cause,外泄漏,1,
E43717,Cause,压泵液压泵吸油管密封不严,1,
E43728,Cause,以防泵过载,1,
E43734,Cause,电力操纵系统断路,1,
E43735,Cause,地脚螺栓松动,1,
E43736,Cause,旁通短路,1,
E43739,Cause,液压马达内部严重泄漏,1,
E43748,Cause,二是切不可将泄漏,1,
E43750,Cause,吸入滤器堵塞,1,
E43751,Cause,安全阀调整不当,1,
E43752,Cause,节流阀堵塞,1,
E43753,Cause,管路中泄漏,1,
E43755,Cause,泵零件磨损,1,
E43756,Cause,修理泵严重磨损,1,
E43757,Cause,传动板松动,1,
E43758,Cause,安全联接器松动,1,
E43759,Cause,油温过高液压系统过热,1,
E43760,Cause,管道堵塞,1,
E43761,Cause,液压泵零位调整不当,1,
E43766,Cause,滑油泄漏,1,
E43767,Cause,器换热表面受灰尘污染,1,
E43770,Cause,污染磨损,1,
E43771,Cause,易磨损,1,
E43775,Cause,两体磨损,1,
E43777,Cause,液压缸内泄漏,1,
E43778,Cause,密封件老化,1,
E43779,Cause,不准有外泄漏,1,
E43780,Cause,测量内泄漏,1,
E43781,Cause,阀盖等处不得有外泄漏,1,
E43783,Cause,以防系统过载,1,
E43784,Cause,阀芯磨损,1,
E43785,Cause,端面磨损,1,
E43787,Cause,缺相,1,
E43788,Cause,加装短路,1,
E43791,Cause,风机电动机过载,1,
E43792,Cause,电源缺相,1,
E43793,Cause,风机过载,1,
E43794,Cause,运行泵电动机过载,1,
E43805,Cause,个汇流排连接断路,1,
E43807,Cause,中压汇流排连接断路,1,
E43808,Cause,旋转变流器中压端断路,1,
E43809,Cause,旋转变流器低压端断路,1,
E43812,Cause,发电机过载,1,
E43815,Cause,发电机断路,1,
E43816,Cause,发电机短路,1,
E43819,Cause,转子绕组断路,1,
E43820,Cause,定子绕组短路,1,
E43821,Cause,又叫短路,1,
E43824,Cause,吸气温度过高,1,
E43827,Symptom,报警,1,
E43828,Symptom,发热,1,
E43829,Symptom,电流过大,1,
E43830,Symptom,温升过高,1,
E43831,Symptom,温度过高,1,
E43832,Symptom,压力不足,1,
E43833,Symptom,电压过低,1,
E43834,Symptom,电压过高,1,
E43835,Symptom,噪声大,1,
E43836,Symptom,无输出,1,
E43837,Symptom,失压,1,
E43838,Symptom,跳闸,1,
E43839,Symptom,振动过大,1,
E43840,Symptom,漏水,1,
E43841,Symptom,不起动,1,
E43842,Symptom,压力波动,1,
E43843,Symptom,压力过低,1,
E43844,Symptom,功率不足,1,
E43845,Symptom,失火,1,
E43846,Symptom,漏气,1,
E43847,Symptom,排烟温度高,1,
E43848,Symptom,冒黑烟,1,
E43849,Symptom,漏油,1,
E43850,Symptom,异响,1,
E43853,Symptom,转速不稳,1,
E43854,Symptom,动作迟缓,1,
E43964,Action,测量直流电压,1,
E43971,Action,更换线路,1,
E44081,Action,测量线圈两端电压,1,
E44090,Action,调整电源电压,1,
E44104,Action,调整触头压力,1,
E44129,Action,更换热继电器,1,
E44140,Action,更换整个继电器,1,
E44154,Action,检查线路,1,
E44160,Action,更换连杆,1,
E44313,Action,更换绕组,1,
E44327,Action,检查电源线路,1,
E44329,Action,更换轴承,1,
E44334,Action,检修调速开关,1,
E44336,Action,检查电源电压,1,
E44338,Action,清洗轴承,1,
E44361,Action,更换电刷,1,
E44362,Action,调整弹簧压力,1,
E44364,Action,检查电枢绕组,1,
E44377,Action,调整电刷压力,1,
E44387,Action,更换损坏绕组,1,
E44415,Action,调整间隙,1,
E44416,Action,更换排水管,1,
E44428,Action,更换温度控制器,1,
E44429,Action,检修温度控制器,1,
E44435,Action,更换过滤器,1,
E44446,Action,检修线路,1,
E44452,Action,检修电动机,1,
E44454,Action,检修调整灯开关,1,
E44456,Action,修理电动机,1,
E44465,Action,测量绕组绝缘电阻,1,
E44556,Action,检查时间继电器,1,
E44577,Action,冲洗分油机,1,
E44578,Action,冲洗水进入分油机,1,
E44582,Action,检查起动按钮,1,
E44598,Action,复位按钮,1,
E44604,Action,检查按钮,1,
E44647,Action,检查各时间继电器,1,
E44665,Action,检查制动接触器,1,
E44669,Action,检查风机接触器,1,
E44674,Action,检查故障方向的继电器,1,
E44675,Action,检查故障方向的接触器,1,
E44678,Action,检查接触器,1,
E44680,Action,检查熔断器,1,
E44689,Action,检查电动机,1,
E44728,Action,检查风门开关,1,
E44729,Action,检查主接触器,1,
E44743,Action,调整负载继电器,1,
E44752,Action,检查异步机控制线路,1,
E44753,Action,检查过流继电器,1,
E44755,Action,检查直流电动机激磁回路,1,
E44760,Action,测量绝缘电阻,1,
E44771,Action,检查电磁阀,1,
E44824,Action,检查切换开关,1,
E44828,Action,检查自整角机激磁电压,1,
E44831,Action,检查电源熔断器,1,
E44876,Action,检查点火棒间隙,1,
E44880,Action,检查点火系统的绝缘,1,
E44881,Action,检查各电动机绝缘电阻,1,
E44901,Action,检查自动转换开关,1,
E44914,Action,检查调节开关,1,
E44935,Action,检查线圈回路的各触点,1,
E44936,Action,检查供液电磁阀,1,
E44937,Action,检查融霜中间继电器,1,
E44942,Action,检查左压缩机电动机,1,
E44943,Action,检查右压缩机电动机,1,
E44960,Action,测试电流,1,
E44964,Action,测量定子绕组绝缘,1,
E44977,Action,更换新电刷,1,
E44979,Action,检查轴承,1,
E44983,Action,检查发电机绝缘电阻,1,
E45038,Action,修理电刷,1,
E45043,Action,检查励磁绕组,1,
E45058,Action,检修调速器,1,
E45060,Action,修复短路的绕组,1,
E45063,Action,更换空气过滤网,1,
E45070,Action,检查检测回路输出电压,1,
E45071,Action,检查比较回路输出电压,1,
E45073,Action,检查检测信号输出回路,1,
E45077,Action,测量变压器,1,
E45083,Action,检查充磁回路,1,
E45093,Action,检查发电机本身激磁回路,1,
E45094,Action,检查激磁主回路,1,
E45218,Action,测量发电机,1,
E45221,Action,测量三相电压,1,
E45282,Action,测试开关,1,
E45292,Action,排除后把拨动开关,1,
E45351,Action,检查传输电缆,1,
E45360,Action,更换液晶显示器的电缆,1,
E45411,Action,检查开关,1,
E45509,Action,调整触头弹簧压力,1,
E45602,Action,检查停止按钮,1,
E45611,Action,检查启动按钮,1,
E45621,Action,测量时会有一定的电压,1,
E45746,Action,检查变压器,1,
E45759,Action,检查交流接触器,1,
E45794,Action,调整了柴油机的转速,1,
E45796,Action,调整发电机的端电压,1,
E45817,Action,调整电压,1,
E45864,Action,检查主机,1,
E45866,Action,更换缸套,1,
E45903,Action,冲洗时主机转速,1,
E45980,Action,清洗空气滤网,1,
E46014,Action,清洗机油滤器,1,
E46060,Action,测量轴承间隙,1,
E46076,Action,测量主轴承间隙,1,
E46088,Action,修理主机,1,
E46098,Action,修理曲轴,1,
E46101,Action,检查主轴承,1,
E46126,Action,清洗滤器,1,
E46141,Action,清洗一次低温淡水冷却器,1,
E46246,Action,检查冷却水的压力,1,
E46541,Action,测量各部间隙,1,
E46642,Action,检查管接头,1,
E46667,Action,更换滤器,1,
E46794,Action,更换液压系统,1,
E46849,Action,更换接头,1,
E46854,Action,检查溢流阀的阀芯,1,
E46871,Action,更换定子,1,
E46927,Action,更换活塞,1,
E46943,Action,紧固接头,1,
E46955,Action,更换油液振动噪声,1,
E46957,Action,紧固回油路接头,1,
E46963,Action,清洗进口滤器,1,
E46991,Action,更换流量较大的单向阀,1,
E46992,Action,更换带有卸荷装置的单向阀,1,
E47012,Action,更换规格合适的电液换向阀,1,
E47148,Action,调整液压系统,1,
E47157,Action,检查换向阀,1,
E47158,Action,检查安全溢流阀,1,
E47207,Action,检查压力,1,
E47221,Action,调整压力,1,
E47223,Action,检查控制设备无工作压力,1,
E47236,Action,检查电气控制器,1,
E47262,Action,清洗吸油滤器,1,
E47293,Action,检查控制油路,1,
E47309,Action,测量元件接头,1,
E47494,Action,冲洗管路,1,
E47597,Action,更换阀芯,1,
E47651,Action,检查起升油路中安全阀,1,
E47766,Action,补充充电的电流,1,
E47811,Action,调整励磁电流,1,
E47834,Action,调整发电机的电压,1,
E47836,Action,调整特性是指发电机端电压,1,
E47865,Action,测量每台发电机的有功功率,1,
E47866,Action,测量三相电功率,1,
E47890,Action,测量传感器,1,
E47926,Action,测量线路的绝缘电阻,1,
E47944,Action,更换启辉器镇流器有噪声,1,
E47966,Action,校正电刷压力,1,
E47970,Action,检查换向极绕组,1,
E47985,Action,测量绕组对地绝缘电阻,1,
E48044,Action,测量其绝缘电阻,1,
E48168,Action,测量发电机的空载端电压,1,
E48175,Action,测量被试发电机电压,1,
E48183,Action,测量触头两边电压,1,
E48196,Action,检查各继电器,1,
E48207,Action,检查控制屏上的继电器,1,
E48234,Action,测量出水柜的压力,1,
E48279,Action,更换新接触器,1,
E48306,Action,检查油位,1,
E48312,Action,清洗检查冷却系统,1,
E48444,Action,调整功率,1,
E48540,Action,修复油温加热温度开关,1,
E48551,Action,检查燃油管路,1,
E48553,Action,检查过滤器,1,
E48559,Parameter,频率,1,
E48560,Parameter,振动,1,
E48600,Parameter,电源电压,1,
E48605,Parameter,输入电压,1,
E48620,Parameter,直流电流,1,
E48622,Parameter,交流电压,1,
E48623,Parameter,直流电压,1,
E48690,Parameter,功率,1,
E48743,Parameter,转速,1,
E48759,Parameter,微安电流,1,
E48786,Parameter,额定电压,1,
E48815,Parameter,正向电压,1,
E48820,Parameter,反向漏电流,1,
E48902,Parameter,操作频率,1,
E48904,Parameter,螺旋式电流,1,
E48907,Parameter,对地绝缘电阻,1,
E48933,Parameter,电源电压过低,1,
E48940,Parameter,电源电压过高,1,
E48943,Parameter,噪声,1,
E48949,Parameter,工作电流,1,
E48995,Parameter,过电流,1,
E48997,Parameter,触头压力,1,
E49031,Parameter,输入噪声,1,
E49034,Parameter,供电电压,1,
E49038,Parameter,油温,1,
E49044,Parameter,间隙,1,
E49067,Parameter,电压过高,1,
E49101,Parameter,线路电压,1,
E49148,Parameter,转速降低,1,
E49173,Parameter,励磁电流,1,
E49182,Parameter,外加电压,1,
E49190,Parameter,转子间隙,1,
E49211,Parameter,电源电压升高,1,
E49323,Parameter,流量,1,
E49324,Parameter,低流量,1,
E49332,Parameter,低油温,1,
E49338,Parameter,就给出流量不足,1,
E49341,Parameter,电源频率,1,
E49353,Parameter,液位,1,
E49380,Parameter,定子电流,1,
E49383,Parameter,堵转电流,1,
E49385,Parameter,摩擦片间隙,1,
E49392,Parameter,片间间隙,1,
E49445,Parameter,初始电压,1,
E49468,Parameter,测电流,1,
E49504,Parameter,克令吊转速,1,
E49535,Parameter,起动电流,1,
E49539,Parameter,在各档转速,1,
E49585,Parameter,两端电压,1,
E49609,Parameter,电网电压,1,
E49623,Parameter,蒸汽压力,1,
E49626,Parameter,燃油温,1,
E49640,Parameter,油压,1,
E49641,Parameter,燃油压力不足,1,
E49661,Parameter,滑油压力过低,1,
E49663,Parameter,液化压力过高,1,
E49664,Parameter,滑油压力,1,
E49677,Parameter,海水温,1,
E49705,Parameter,主电源电压,1,
E49714,Parameter,电网频率,1,
E49753,Parameter,引起逆功率,1,
E49807,Parameter,提高转速,1,
E49810,Parameter,校对电压,1,
E49813,Parameter,发电机电压,1,
E49814,Parameter,调换电流,1,
E49863,Parameter,激磁电流,1,
E49889,Parameter,泄漏电流,1,
E50034,Parameter,实现逆功率,1,
E50042,Parameter,短路电流,1,
E50045,Parameter,在电流,1,
E50056,Parameter,试验电流,1,
E50064,Parameter,冷却水温,1,
E50074,Parameter,淡水温,1,
E50258,Parameter,断开电流,1,
E50382,Parameter,门槛电压,1,
E50423,Parameter,气压,1,
E50431,Parameter,观察电压,1,
E50486,Parameter,扫气压力,1,
E50487,Parameter,它通过功率,1,
E50611,Parameter,增压压力,1,
E50649,Parameter,油位,1,
E50662,Parameter,过电压,1,
E50663,Parameter,欠电压,1,
E50664,Parameter,零电压,1,
E50665,Parameter,欠电流,1,
E50666,Parameter,零电流,1,
E50727,Parameter,电压过低,1,
E50734,Parameter,引起噪声,1,
E50749,Parameter,操作频率过高,1,
E50773,Parameter,倍额定电流,1,
E50775,Parameter,用作过电压,1,
E50777,Parameter,直流过电流,1,
E50778,Parameter,继电器电流,1,
E50779,Parameter,用作过电流,1,
E50873,Parameter,所以电流,1,
E50876,Parameter,更换电流,1,
E50909,Parameter,额定转速,1,
E51118,Parameter,两个压力,1,
E51186,Parameter,水压,1,
E51204,Parameter,为三相功率,1,
E51205,Parameter,检测油温,1,
E51286,Parameter,油压过低,1,
E51287,Parameter,水温,1,
E51299,Parameter,放电时电压,1,
E51336,Parameter,充电时电压,1,
E51337,Parameter,放电电流,1,
E51339,Parameter,充放电电流,1,
E51340,Parameter,放电时电流,1,
E51342,Parameter,放电电压过低,1,
E51412,Parameter,逆功率,1,
E51421,Parameter,只存在电流,1,
E51422,Parameter,只存在功率,1,
E51638,Parameter,其冲击电流,1,
E51864,Parameter,校正电压,1,
E51871,Parameter,无电压,1,
E51881,Parameter,闪光频率,1,
E51951,Parameter,压气机转速,1,
E52036,Parameter,缸排烟温度,1,
E52094,Parameter,发出功率,1,
E52148,Parameter,排烟温度过高,1,
E52153,Parameter,排烟温度,1,
E52154,Parameter,气阀间隙,1,
E52155,Parameter,压缩压力降低,1,
E52164,Parameter,中扫气压力,1,
E52176,Parameter,本机排烟温度过高,1,
E52178,Parameter,扫气压力降低,1,
E52191,Parameter,偏低使压缩压力,1,
E52215,Parameter,滑油温,1,
E52325,Parameter,喷油压力,1,
E52351,Parameter,所以转速,1,
E52400,Parameter,供油压力,1,
E52434,Parameter,径向间隙,1,
E52454,Parameter,过大间隙,1,
E52459,Parameter,油缸内压力,1,
E52509,Parameter,排气压力,1,
E52540,Parameter,调用流量,1,
E52567,Parameter,强振动,1,
E52576,Parameter,喷油压力过低,1,
E52586,Parameter,冷却水压力过低,1,
E52703,Parameter,同时转速,1,
E52917,Parameter,压力过低,1,
E52918,Parameter,功率不足,1,
E52923,Parameter,压力不足,1,
E52924,Parameter,流量不足,1,
E52960,Parameter,从而在转速,1,
E53046,Parameter,润滑油压力不足,1,
E53049,Parameter,致喷油压力降低,1,
E53055,Parameter,润滑油压力过低,1,
E53056,Parameter,海水压力过低,1,
E53058,Parameter,润滑油温,1,
E53164,Parameter,较易在振动,1,
E53175,Parameter,水银压力,1,
E53189,Parameter,启动转速,1,
E53206,Parameter,一台功率,1,
E53303,Parameter,采用间隙,1,
E53354,Parameter,在额定压力,1,
E53382,Parameter,系统压力,1,
E53428,Parameter,液压油温,1,
E53433,Parameter,引起振动,1,
E53464,Parameter,油温过高,1,
E53487,Parameter,比正常压力,1,
E53502,Parameter,在液体压力,1,
E53528,Parameter,以防压力,1,
E53562,Parameter,从压力,1,
E53580,Parameter,至油温,1,
E53593,Parameter,溢流阀压力,1,
E53596,Parameter,波动小压力,1,
E53602,Parameter,在额定电压,1,
E53607,Parameter,配合间隙,1,
E53637,Parameter,油箱油位过低,1,
E53639,Parameter,油温升高,1,
E53646,Parameter,工作压力过高,1,
E53650,Parameter,油箱中油位,1,
E53655,Parameter,轴向间隙,1,
E53663,Parameter,控制油温,1,
E53666,Parameter,管路振动,1,
E53670,Parameter,系统中压力,1,
E53680,Parameter,电动机转速过低,1,
E53683,Parameter,修复压力,1,
E53686,Parameter,外界振动,1,
E53687,Parameter,转向间隙,1,
E53699,Parameter,用间隙,1,
E53705,Parameter,高频振动,1,
E53717,Parameter,在定额流量,1,
E53719,Parameter,重配间隙,1,
E53724,Parameter,但压力,1,
E53739,Parameter,压力波动,1,
E53740,Parameter,输出压力,1,
E53752,Parameter,以上流量,1,
E53754,Parameter,降低压力,1,
E53756,Parameter,出现压力,1,
E53757,Parameter,单向流量,1,
E53758,Parameter,降低油温,1,
E53774,Parameter,换向压力,1,
E53775,Parameter,换向流量,1,
E53777,Parameter,因控制流量,1,
E53796,Parameter,通常有压力,1,
E53810,Parameter,它由流量,1,
E53827,Parameter,蓄能器压力,1,
E53908,Parameter,用压力,1,
E53920,Parameter,频率过高,1,
E53982,Parameter,无工作压力,1,
E53986,Parameter,无控制压力,1,
E53987,Parameter,控制压力,1,
E54029,Parameter,有否压力,1,
E54033,Parameter,规定间隙,1,
E54040,Parameter,最低油位,1,
E54041,Parameter,报警油温,1,
E54062,Parameter,调定压力过低,1,
E54063,Parameter,液压泵压力,1,
E54066,Parameter,调定压力过高,1,
E54069,Parameter,控制油压力过低,1,
E54271,Parameter,组合成功率,1,
E54280,Parameter,管路中压力,1,
E54292,Parameter,运行副间隙,1,
E54351,Parameter,月油温,1,
E54359,Parameter,目视压力,1,
E54384,Parameter,相应转速,1,
E54399,Parameter,在额定流量,1,
E54410,Parameter,回油压力过低,1,
E54420,Parameter,液压缸压力过高,1,
E54428,Parameter,致使油温升高,1,
E54454,Parameter,故工作压力,1,
E54455,Parameter,工作油压,1,
E54496,Parameter,供给压力,1,
E54541,Parameter,具体各压力,1,
E54544,Parameter,设定压力,1,
E54548,Parameter,低油压,1,
E54549,Parameter,高油温,1,
E54568,Parameter,浮子式液位,1,
E54569,Parameter,实现低油位,1,
E54576,Parameter,在低油位,1,
E54628,Parameter,不小于压力,1,
E54640,Parameter,有压力,1,
E54794,Parameter,线圈电流,1,
E54916,Parameter,以防止电压,1,
E55711,Parameter,过载电流,1,
E55718,Parameter,出现噪声,1,
E55824,Parameter,用零电压,1,
E55865,Parameter,控制燃油温,1,
E55867,Parameter,检测燃油温,1,
E55868,Parameter,对燃油温,1,
E55873,Parameter,发出低油温,1,
E55876,Parameter,发出低流量,1,
E55917,Parameter,获得电流,1,
E56155,Parameter,但是逆功率,1,
E56378,Parameter,合闸后转速,1,
E56597,Parameter,因电流,1,
E56715,Parameter,磁化电流,1,
E56951,Parameter,频率过低,1,
E57020,Parameter,对逆功率,1,
E57067,Parameter,实现功率,1,
E57101,Parameter,配置电压,1,
E57102,Parameter,发电机频率,1,
E57158,Parameter,电动机转速过高,1,
E57163,Parameter,电刷压力,1,
E57166,Parameter,发生振动,1,
E57172,Parameter,至额定电压,1,
E57173,Parameter,电机转速,1,
E57175,Parameter,电机端电压,1,
E57177,Parameter,电机绝缘电阻过低,1,
E57179,Parameter,轴承温度过高,1,
E57180,Parameter,同时电流,1,
E57373,Parameter,所以逆功率,1,
E57486,Parameter,绝缘电阻降低,1,
E57536,Parameter,接电流,1,
E57565,Parameter,在各挡转速,1,
E57668,Parameter,吸入压力,1,
E57671,Parameter,比油温,1,
E57672,Parameter,油位过低,1,
E57690,Parameter,另外当油温,1,
E57713,Parameter,滚动轴承温度,1,
E57714,Parameter,滑动轴承温度,1,
E57715,Parameter,异常振动,1,
E57716,Parameter,包括对轴承温度,1,
E57722,Parameter,泵轴转速,1,
E57730,Parameter,空气瓶压力,1,
E57751,Parameter,否则压力波动,1,
E57781,Parameter,排气压力过高,1,
E57813,Parameter,输入电压过高,1,
E57841,Parameter,载波功率,1,
E57879,Parameter,蒸发压力,1,
E57993,Parameter,修复油温,1,
